,$I_{\mathrm{W}}$,$I_{\mathrm{F}}$,$V_{\mathrm{W}}$,$F_{\mathrm{P}}$,$D$,$W$
$I_{\mathrm{W}}$,1.0,-0.8541521587606391,0.15383910441766002,0.8511144622722973,-0.2772616097336802,0.426301901411606
$I_{\mathrm{F}}$,-0.8541521587606391,1.0,0.12536180181046078,-0.9580385367185591,0.262132656597405,-0.7045046563194528
$V_{\mathrm{W}}$,0.15383910441766002,0.12536180181046078,1.0,0.07575674931332002,-0.5240481805598873,-0.5567429267954315
$F_{\mathrm{P}}$,0.8511144622722973,-0.9580385367185591,0.07575674931332002,1.0,-0.42756491841029626,0.5872601918896422
$D$,-0.2772616097336802,0.262132656597405,-0.5240481805598873,-0.42756491841029626,1.0,0.08815808718076043
$W$,0.426301901411606,-0.7045046563194528,-0.5567429267954315,0.5872601918896422,0.08815808718076043,1.0
