,PC1,PC2
IW,-0.5566464642631899,0.037703331929313355
IF,0.5899061107724238,0.03089419796606331
VW,0.051748065433597924,0.9953017656333126
FP,-0.5826470904591583,0.08365645594137719
