,$I_{\mathrm{W}}$,$I_{\mathrm{F}}$,$V_{\mathrm{W}}$,$F_{\mathrm{P}}$,$D$,$W$
$I_{\mathrm{W}}$,1.0,-0.8610730564305447,-0.04343002281328069,0.8355296261040432,-0.2895681497326546,0.4348685345137303
$I_{\mathrm{F}}$,-0.8610730564305447,1.0,0.11509315632121758,-0.9805615931101526,0.3760843932630247,-0.5101673006009362
$V_{\mathrm{W}}$,-0.04343002281328069,0.11509315632121758,1.0,-0.001059785944009184,-0.6714370591423672,-0.8742569628524232
$F_{\mathrm{P}}$,0.8355296261040432,-0.9805615931101526,-0.001059785944009184,1.0,-0.5107475782522475,0.4129620475472573
$D$,-0.2895681497326546,0.3760843932630247,-0.6714370591423672,-0.5107475782522475,1.0,0.42539059172504756
$W$,0.4348685345137303,-0.5101673006009362,-0.8742569628524232,0.4129620475472573,0.42539059172504756,1.0
