,Depth,Width
intercept,-16.85698337127114,-5.514028917208229
log_IW,1.4001757795302292,0.17021020945212004
log_IF,2.7243655194506897,0.9931074446485261
log_VW,-0.45116296555726293,-0.39796564922988514
log_FP,-0.19919576505563563,0.3374194716664519
